"CHROM","qtl","start","end","length","nSNPs","avgSNPs_Mb","peakDeltaSNP","posPeakDeltaSNP","avgDeltaSNP"
"NC_029256.1",1,25374097,34909843,9535746,12364,1297,-0.353918885004581,31099041,-0.321802590250749
"NC_029257.1",2,4415438,5091602,676164,1125,1664,-0.232703220776901,4500597,-0.231984012950302
"NC_029257.1",3,9332841,19768259,10435418,18240,1748,-0.303870335258883,10113941,-0.291495887905272
"NC_029260.1",4,26756627,29113403,2356776,3949,1676,0.267399490884244,28084978,0.259603561735425
"NC_029263.1",5,16699338,27451398,10752060,16576,1542,0.388568698804478,23374729,0.30253583407853
"NC_029265.1",6,16868410,20552240,3683830,8886,2412,-0.286080906705012,19573118,-0.267831180090366
